hour_start_utc,no2_ug_m3,intensity_hrl,intensity_hrr,intensity_vwd,intensity_vwa,total_intensity_veh_per_hr,hour_of_day,snapshots,sites_present
2026-10-01 19:00:00+00:00,36.78,980.0,552.0,146.0,240.0,1918.0,21,7,4
2026-10-01 20:00:00+00:00,27.75,760.0,612.0,112.0,206.0,1690.0,22,13,4
2026-10-01 21:00:00+00:00,34.28,473.0,444.0,80.0,180.0,1177.0,23,11,4
2026-10-01 22:00:00+00:00,37.01,336.0,420.0,80.0,140.0,976.0,0,9,4
2026-10-01 23:00:00+00:00,27.37,270.0,300.0,60.0,120.0,750.0,1,7,4
2026-10-02 02:00:00+00:00,27.29,150.0,120.0,96.0,0.0,366.0,4,7,3
2026-10-02 03:00:00+00:00,30.2,458.0,523.0,120.0,120.0,1221.0,5,12,4
2026-10-02 04:00:00+00:00,35.33,890.0,889.0,330.0,213.0,2322.0,6,12,4
2026-10-02 05:00:00+00:00,36.96,1800.0,1545.0,409.0,480.0,4234.0,7,12,4
2026-10-02 06:00:00+00:00,33.78,1910.0,1635.0,475.0,556.0,4576.0,8,12,4
2026-10-02 07:00:00+00:00,36.25,1655.0,1475.0,375.0,387.0,3892.0,9,12,4
2026-10-02 08:00:00+00:00,36.15,2005.0,1500.0,400.0,318.0,4223.0,10,12,4
2026-10-02 09:00:00+00:00,32.72,2020.0,1360.0,365.0,300.0,4045.0,11,12,4
2026-10-02 10:00:00+00:00,25.53,1960.0,1415.0,435.0,349.0,4159.0,12,12,4
2026-10-02 11:00:00+00:00,25.7,1905.0,1795.0,515.0,313.0,4528.0,13,12,4
2026-10-02 12:00:00+00:00,18.13,1915.0,1695.0,545.0,343.0,4497.0,14,12,4
2026-10-02 13:00:00+00:00,22.97,1800.0,2060.0,555.0,413.0,4828.0,15,12,4
2026-10-02 14:00:00+00:00,23.71,1855.0,1745.0,445.0,435.0,4480.0,16,12,4
2026-10-02 15:00:00+00:00,29.98,1845.0,1590.0,470.0,309.0,4214.0,17,12,4
2026-10-02 16:00:00+00:00,45.33,2015.0,953.0,345.0,300.0,3613.0,18,12,4
